#,Song,Artist,Popularity,BPM,Genres,Parent Genres,Album,Album Date,Time,Dance,Energy,Acoustic,Instrumental,Happy,Speech,Live,Loud (Db),Key,Time Signature,Added At,Spotify Track Id,Album Label,Camelot,ISRC
1,"DEATH OF A PREDATOR","Banshee",47,100,"trap metal","","FAIRY PHONK",2022-11-11,02:33,47,93,0,7,32,20,40,-2,G,4,2024-04-11,3RSiw9T4sAT4Rfx24YeBRU,"Banshee, in parternship with VERSION III",9B,QZRP52296920
2,"Nihil","Ghostemane",62,115,"trap metal, horrorcore, emo rap, cloud rap, rap metal","Hip Hop, Rock, Metal","N / O / I / S / E",2018-10-10,02:27,67,91,16,7,29,20,90,-6,G,4,2019-08-15,1nB6VmrPybx4xwkL80OqdA,"Blackmage",9B,TCADW1896666
3,"Voodoo Stin Magissa","Chemical B",29,97,"","","Kapsoules",2015-02-27,02:31,47,89,28,0,83,0,30,-3,C♯/D♭,4,2023-03-26,5AflIgYHyc612rtktfNO7e,"Chemical B",3B,GRSTY2201473
4,"Idontflinch","Witchouse 40k",57,160,"trap metal, horrorcore, witch house","Hip Hop, Metal, Electronic","Idontflinch",2019-01-02,02:39,66,52,1,0,16,20,10,-9,C♯/D♭,4,2021-10-10,36gmehPRUortY6l0bO4DUX,"Hellhound Militia",3B,QZDA51923697
5,"Twist Of Fate/ Cobra","Ho99o9, Ghostemane",37,96,"experimental hip hop, trap metal, horrorcore, industrial rock, industrial, industrial metal, emo rap, cloud rap, rap metal","Hip Hop, Rock, Metal","Twist Of Fate/ Cobra",2019-05-27,04:10,52,93,0,0,32,0,0,-4,D#/E♭,4,2021-06-06,45DVlz0NtoU21E2yEr9ZUI,"Blackmage/Ho99o9",5B,CA5KR1932288
6,"Black Paint","Death Grips",42,117,"experimental hip hop, experimental","Electronic, Jazz, Rock, Hip Hop","Year Of The Snitch",2018-06-22,03:48,49,100,5,0,14,0,60,-4,B,4,2020-03-29,2yY0LXGpN7U2y5tbagNnXq,"Death Grips",1B,USUG11801015
7,"Pitbull Terrier","Die Antwoord",0,124,"african rock, south african alternative, south african hip hop","Rock, Traditional Music, Hip Hop","Donker Mag",2014-06-03,03:40,71,63,0,2,37,0,50,-7,D,4,2018-03-13,7wxqtAEYlz4gwVowjgOTrC,"Zef Records, LLC",10B,GBWWP1400371
8,"Mercury: Retrograde","Ghostemane",0,157,"trap metal, horrorcore, emo rap, cloud rap, rap metal","Hip Hop, Rock, Metal","Hexada",2017-09-05,02:04,83,81,6,1,39,40,0,-7,D,4,2019-08-15,2Vc6NJ9PW9gD9q343XFRKx,"GHOSTEMANE",10B,TCADG1741539
9,"2nd Hand","$uicideboy$",0,140,"emo rap, horrorcore, cloud rap, trap metal, underground hip hop","Hip Hop, Rock, Metal","KILL YOURSELF Part XII: The Dark Glacier Saga",2017-05-23,02:03,94,43,3,0,8,10,10,-7,C♯/D♭,4,2019-09-27,4yORBk6ZyYsJpnJchyZevc,"G59 Records, LLC",3B,QM8DG1702327
10,"Notoriously Fast","VTSS",22,150,"acid techno, techno","Electronic","Circulus Vitiosus",2022-09-16,01:52,65,55,2,30,49,0,10,-8,G#/A♭,4,2023-02-26,0GBLXfE9GbUSH2jF4Pr3yR,"Ninja Tune",4B,GBCFB2200333
11,"The Age Of Love - Charlotte de Witte & Enrico Sangiuliano Remix","Age Of Love, Charlotte de Witte, Enrico Sangiuliano",5,130,"techno, acid techno, hard techno, tekno, minimal techno","Electronic","The Age Of Love (Charlotte de Witte & Enrico Sangiuliano Remix)",2021-08-13,08:09,75,91,6,89,6,0,0,-8,F minor,4,2023-02-26,6X6Ow0iioCrYQSK1QDHQbC,"Diki Records",4A,BEN582100445
12,"Post Human","Lucille Croft",35,105,"dark clubbing, electronic rock","Electronic, Rock","Patient X",2022-03-17,01:31,73,48,1,2,16,0,30,-5,C minor,4,2023-02-26,38DAl9PzomoqfPpEFpibwB,"This Is Bad Wolf",5A,CA5KR2220647
13,"Uebok Gotta Run","Apashe, INSTASAMKA",55,159,"bass trap, russian hip hop, zhenskiy rep","Electronic, Hip Hop","Renaissance",2020-04-08,02:43,52,73,3,0,43,10,30,-5,A#/B♭ minor,4,2024-02-01,45yj92asiOxf45vXfjeTwF,"Kannibalen Records",3A,CA5KR1981274
14,"Evoe - Single Edit","Behemoth",17,90,"black metal, death metal, metal","Metal","Evoe",2021-09-17,03:13,37,98,0,0,7,10,30,-6,D,4,2021-09-23,2pJXxVWqMX7r7nrnXj70mv,"Nuclear Blast",10B,DED832100513
15,"Contact Your Local Liquidator","Grim Salvo, Bruxism",47,172,"trap metal, horrorcore","Hip Hop, Metal","MILDRED",2022-11-07,02:23,61,86,5,0,64,10,50,-7,C♯/D♭,4,2023-11-15,2LzDhJgkVVKnfj8kYfe04T,"³³marrow",3B,QZTAT2254703
16,"Glaze","Container",21,150,"experimental, space rock, industrial, idm","Electronic, Jazz, Rock","Adhesive",2014-01-20,04:24,48,56,0,91,4,0,10,-11,A#/B♭,5,2023-02-26,0r0te5QBsLuAPm3isUWW5n,"Liberation Technologies",6B,GBR8R1301046
17,"Υπαρχοντας","Blakaut",27,140,"ebm, darkwave, post-punk","Electronic, Rock","Χωρις Ανασα (MVP-02)",2018-04-17,03:55,52,91,0,85,30,0,10,-5,G,4,2023-02-26,7LDPdg3Vj1dHiIEEwfhLVU,"Detonic Recordings",9B,FR2X41820162
18,"Salma Hayek","WARGASM (UK)",36,122,"","","Salma Hayek",2021-08-20,03:39,65,92,0,0,64,10,30,-6,C♯/D♭,4,2022-02-28,61Fus2laOu8yWJM1YntJCY,"Angry Songs For Sad People",3B,TCAFS2126172
19,"Тотальное самоубийство","DenDerty",0,119,"russian rave, witch house","Electronic","Тотальное самоубийство",2015-04-20,05:55,49,90,1,2,4,10,0,-6,C♯/D♭,4,2022-08-16,75RCrdVWwRR9WR3b4PDmUL,"Acid Cult",3B,GBKQU1532134
20,"Drop","Connor Price, Zensery",56,124,"singer-songwriter pop, german hip hop","Hip Hop, Pop","Drop",2023-01-20,02:08,92,62,0,0,43,0,0,-5,C♯/D♭ minor,4,2023-01-27,5iscY6uoraOqqKurX7G8S9,"4 of clubs LLC",12A,QZFZ22323293
21,"Shutdown","Skepta",65,104,"grime, uk grime","Electronic, Hip Hop","Konnichiwa",2016-05-06,03:08,66,75,13,0,82,30,50,-5,G,3,2023-03-01,44GokgCa37BTZP2NU2zkoJ,"Boy Better Know",9B,GB7QY1500024
22,"You Make Me Sick!","Ashnikko",54,81,"alt z, escape room","Pop, Electronic","You Make Me Sick!",2023-02-08,02:18,84,86,3,0,52,10,10,-3,A#/B♭ minor,4,2023-02-26,2cK6tRFd7PRPFY1ZwJAKeq,"Parlophone UK",3A,GBAYE2300003
23,"DIP N DRIP","COBRAH",44,160,"ballroom vogue, hyperpop","Electronic, Pop","DIP N DRIP",2021-02-17,02:52,72,89,23,90,68,10,10,-8,B,4,2023-02-26,2BH9ryNKlONkENIhgMM4lq,"COBRAH",1B,SE6AJ2100101
24,"Incredibly Annoying","VTSS",31,150,"acid techno, techno","Electronic","Incredibly Annoying",2022-07-05,02:14,65,66,1,60,92,0,20,-10,G,4,2023-02-26,7iHetqDyri7aXIyl69QqHG,"Ninja Tune",9B,GBCFB2200331
25,"The Afterlight","Filmmaker",17,109,"ebm, darkwave, cold wave, industrial, witch house","Electronic, Rock","Latent Alters",2022-08-12,03:54,61,68,1,77,59,10,50,-10,E,4,2023-02-26,0oyBxyfrBpSHOplYUoazmg,"Filmmaker",12B,QZPJ32190498
26,"Move Your Body To The Beat","Reinier Zonneveld",3,133,"techno, acid techno, hard techno, tekno, minimal techno","Electronic","Move Your Body To The Beat",2018-11-02,03:03,87,83,20,53,54,20,10,-9,G#/A♭,4,2023-02-26,53cLYZSnsw7BeJybRHPlox,"Filth on Acid",4B,GBKQU1899334
27,"Storm","UNLOGIX",44,165,"tekno, psytrance, techno, frenchcore","Electronic","Storm",2014-12-19,04:01,70,46,5,90,32,0,50,-7,D,4,2023-02-26,0oqkeo8rQmKHguCGSN9j7g,"Unlogix Music",10B,QZ8LD1947587
28,"We Control","Lilly Palmer",1,133,"techno, hard techno, acid techno, tekno","Electronic","We Control",2022-02-25,03:26,71,82,0,83,15,10,0,-6,G,4,2023-02-26,7K3OyIuvYF1qcwr4xqILeu,"Drumcode",9B,GBUR62000369
29,"Resonate","Lucille Croft",33,112,"dark clubbing, electronic rock","Electronic, Rock","Resonate",2020-09-18,03:31,70,74,28,2,4,10,40,-8,A,4,2023-02-26,6rLNDssC5bnJ2l7N1aRAgu,"This Is Bad Wolf",11B,CA5KR2081771
30,"Like Me","Chase Icon",60,123,"hyperpop","Electronic, Pop","Like Me",2022-02-09,01:58,76,91,2,0,70,0,10,-4,C♯/D♭,4,2023-02-26,51NYFGDXYKS4FkRqkw98hx,"Big Green Couch",3B,QM24S2200159
31,"WIZZ (COBRAH REMIX)","COUCOU CHLOE, COBRAH",0,136,"hyperpop, ballroom vogue","Electronic, Pop","WIZZ (COBRAH REMIX)",2022-10-27,02:40,77,70,26,45,57,0,0,-8,E,4,2023-02-26,64xy8ja7i7F0VPmgLUrMCx,"COUCOU CHLOE",12B,CA5KR2264071
32,"SHIFT","Slikback",9,140,"singeli, experimental, idm, gqom","Electronic, Jazz, Rock, Traditional Music","ALTERNATE_",2022-09-17,02:06,65,73,2,86,8,0,10,-14,C♯/D♭,4,2023-02-26,6ij7qF8jrVMGY9ejMQKlBY,"3603608 Records DK2",3B,QZNWX2280929
33,"BURNA","Deft",0,160,"drumstep, footwork, bass music","Electronic","BURNA",2020-06-12,04:05,70,99,0,84,22,0,0,-6,C♯/D♭,4,2023-02-26,67KxDu7PVjjrPP3tkFRMZX,"Hooversound Recordings",3B,GBJX32041506
34,"Uppercut","13",25,90,"canadian electronic, dark clubbing","Electronic","Uppercut",2019-01-18,02:58,78,92,2,50,31,20,20,-3,G,4,2023-02-26,42QTzIp6DUgL8F3Q17QJXR,"Mad Decent",9B,USZ4V1800250
35,"Ugly Boy","Die Antwoord",0,102,"african rock, south african alternative, south african hip hop","Rock, Traditional Music, Hip Hop","Donker Mag",2014-06-03,03:33,82,67,1,0,60,10,10,-5,A#/B♭ minor,4,2018-03-13,0zSGK8ZpVuo0XdIY21Vyrh,"Zef Records, LLC",3A,GBWWP1400365
36,"Banana Brain","Die Antwoord",0,150,"african rock, south african alternative, south african hip hop","Rock, Traditional Music, Hip Hop","Mount Ninji and da Nice Time Kid",2016-09-16,04:48,74,93,1,2,25,0,10,-6,C♯/D♭,4,2018-03-13,6XSEz4r6cUwOZgWvE51zDT,"Zef Records, LLC",3B,GBWWP1602013
37,"I Fink U Freeky","Die Antwoord",0,130,"african rock, south african alternative, south african hip hop","Rock, Traditional Music, Hip Hop","Ten$ion",2012-01-31,04:40,84,75,3,0,51,20,50,-7,F#/G♭,4,2018-03-13,6QWpolEawxnSNfYOmYFG0M,"Zef Records, LLC",2B,USCJ81100745
38,"Baby's on Fire","Die Antwoord",0,130,"african rock, south african alternative, south african hip hop","Rock, Traditional Music, Hip Hop","Ten$ion",2012-01-31,03:56,83,84,5,0,76,10,10,-4,E minor,4,2018-03-13,7rmUSOrOLRBzI8Uq63qYcR,"Zef Records, LLC",9A,USCJ81100739
39,"Cookie Thumper!","Die Antwoord",0,134,"african rock, south african alternative, south african hip hop","Rock, Traditional Music, Hip Hop","Donker Mag",2014-06-03,03:20,78,80,9,0,50,20,30,-4,B,4,2018-03-13,7pX7v3nQCz2bzPI02cbLmB,"Zef Records, LLC",1B,USCJ81301047
40,"Daddy","Die Antwoord",0,160,"african rock, south african alternative, south african hip hop","Rock, Traditional Music, Hip Hop","Mount Ninji and da Nice Time Kid",2016-09-16,03:59,84,82,13,0,45,20,0,-6,B,4,2018-03-13,0zQF85XdGZB9DFugL2XYdj,"Zef Records, LLC",1B,GBWWP1602012
41,"Fatty Boom Boom","Die Antwoord",0,94,"african rock, south african alternative, south african hip hop","Rock, Traditional Music, Hip Hop","Ten$ion",2012-01-31,03:45,88,85,15,0,71,20,10,-5,D,4,2018-03-13,0DlgK6jvsAK8eaaWg6k22q,"Zef Records, LLC",10B,USCJ81100748
42,"We Have Candy","Die Antwoord",0,134,"african rock, south african alternative, south african hip hop","Rock, Traditional Music, Hip Hop","Mount Ninji and da Nice Time Kid",2016-09-16,03:03,83,58,16,0,25,30,40,-8,E,4,2018-03-13,1RXok2dwrF4nyeAqX3aSft,"Zef Records, LLC",12B,GBWWP1602011
43,"Gucci Coochie","Die Antwoord, Dita Von Teese",0,130,"african rock, south african alternative, south african hip hop, italo disco, italo dance","Rock, Traditional Music, Electronic, Pop, Hip Hop","Mount Ninji and da Nice Time Kid",2016-09-16,04:05,85,74,1,0,53,10,0,-8,F#/G♭,4,2018-03-13,5YHSGex9c3ggMuMdBDHZej,"Zef Records, LLC",2B,GBWWP1602015
44,"Enter The Ninja","Die Antwoord",58,152,"african rock, south african alternative, south african hip hop","Rock, Traditional Music, Hip Hop","$O$",2010-01-01,05:07,69,80,6,0,26,10,10,-6,G#/A♭,4,2019-12-05,7vLHDdIIO862CZeRSx62mp,"Cherrytree/Interscope",4B,USUM71018399
45,"Alien","Die Antwoord",0,168,"african rock, south african alternative, south african hip hop","Rock, Traditional Music, Hip Hop","Mount Ninji and da Nice Time Kid",2016-09-16,04:16,68,49,40,0,36,0,0,-10,C minor,3,2018-03-13,1WxoAtImycmBWWUtcfi8NL,"Zef Records, LLC",5A,GBWWP1602024
46,"I Don't Care","Die Antwoord",0,153,"african rock, south african alternative, south african hip hop","Rock, Traditional Music, Hip Hop","Mount Ninji and da Nice Time Kid",2016-09-16,04:44,47,77,1,3,11,10,0,-7,E minor,4,2018-03-13,7BFVPRYeclXSoFbxPQfHws,"Zef Records, LLC",9A,GBWWP1602027
47,"Rich Bitch","Die Antwoord",36,92,"african rock, south african alternative, south african hip hop","Rock, Traditional Music, Hip Hop","$O$ (International Deluxe Version)",2010-01-01,03:34,81,65,2,0,70,0,0,-6,C,4,2019-11-04,7Ma1k2O1MQzMqJYBaEXDpx,"Cherrytree/Interscope",8B,USUM71022778
48,"Raging Zef Boner","Die Antwoord",0,94,"african rock, south african alternative, south african hip hop","Rock, Traditional Music, Hip Hop","Donker Mag",2014-06-03,03:19,91,71,24,0,81,30,20,-6,D#/E♭,4,2018-03-13,2z3bxv6KtND0SPwngyhZeJ,"Zef Records, LLC",5B,GBWWP1400368
49,"Strunk","Die Antwoord",0,166,"african rock, south african alternative, south african hip hop","Rock, Traditional Music, Hip Hop","Donker Mag",2014-06-03,04:30,50,40,19,0,35,0,10,-9,C♯/D♭,3,2018-03-13,31a7xzojoJn2F7SEAWvLAz,"Zef Records, LLC",3B,GBWWP1400372
50,"NAAI IS 'N LEKKER DING","Die Antwoord, Moonchild Sanelly, Gqwa!, JouMaSePoes",39,122,"african rock, south african alternative, south african hip hop, gqom","Rock, Traditional Music, Electronic, Hip Hop","HOUSE OF ZEF",2020-03-16,03:56,91,66,44,0,29,30,60,-5,B,4,2021-06-02,3qSQUFZZgv9xEVr1JgYoCt,"Zef Records",1B,QM24S2002474
51,"Happy Go Sucky Fucky","Die Antwoord",0,150,"african rock, south african alternative, south african hip hop","Rock, Traditional Music, Hip Hop","Donker Mag",2014-06-03,04:11,63,83,4,0,55,40,70,-8,F#/G♭,4,2019-12-05,3ckwU0TBQ0NUJ1elmDLMtZ,"Zef Records, LLC",2B,GBWWP1400366
52,"I've Seen Footage","Death Grips",61,130,"experimental hip hop, experimental","Electronic, Jazz, Rock, Hip Hop","The Money Store",2012-04-23,03:22,60,94,5,0,42,30,30,-4,B minor,4,2018-06-22,7nCONy10IHp7XD3oYZ0lcx,"Epic",10A,USSM11200908
53,"The Fever (Aye Aye)","Death Grips",53,80,"experimental hip hop, experimental","Electronic, Jazz, Rock, Hip Hop","The Money Store",2012-04-23,03:06,43,94,16,0,23,30,10,-4,A#/B♭ minor,4,2018-06-22,5lq6hpsabgw22xRYPHVV5c,"Epic",3A,USSM11200904
54,"Paris","$uicideboy$",0,106,"emo rap, horrorcore, cloud rap, trap metal, underground hip hop","Hip Hop, Rock, Metal","Now The Moon's Rising",2015-11-20,01:51,85,64,5,1,20,0,10,-6,G,4,2018-03-13,5qdWEihx3vBz58ojY4Mpb0,"Universal Music Group",9B,QM8DG1600540
55,"I Want To Believe","$uicideboy$",0,127,"emo rap, horrorcore, cloud rap, trap metal, underground hip hop","Hip Hop, Rock, Metal","Eternal Grey",2016-09-11,01:22,59,82,21,0,17,10,40,-2,F#/G♭,4,2018-03-13,6Bsm4c1LVuJ2nUwqH3QvoL,"Universal Music Group",2B,QM8DG1601275
56,"$outh $ide $uicide","$uicideboy$, Pouya",0,110,"emo rap, horrorcore, cloud rap, trap metal, underground hip hop","Hip Hop, Rock, Metal","High Tide In The Snake's Nest",2015-06-15,02:49,80,52,0,30,5,10,0,-6,G#/A♭,4,2018-03-13,4x6y9EDkQHVfoUNNYsbwbC,"Universal Music Group",4B,QM8DG1600558
57,"Dead Batteries","$uicideboy$",0,124,"emo rap, horrorcore, cloud rap, trap metal, underground hip hop","Hip Hop, Rock, Metal","7th Or St. Tammany",2015-04-02,02:23,87,62,3,0,63,0,10,-8,F,4,2018-03-13,5KRVoEjvza39Su3vTlQLTf,"Universal Music Group",7B,QM8DG1600593
58,"Germantown","$uicideboy$, Black Smurf",0,114,"emo rap, horrorcore, cloud rap, trap metal, underground hip hop","Hip Hop, Rock, Metal","Black $uicide Side C: The Seventh Seal",2015-08-24,03:47,80,79,2,0,85,0,0,-4,D,4,2018-03-13,0go79vJYocu4os5RK7leiL,"Universal Music Group",10B,QM8DG1600560
59,"CLYDE (I Hope At Least One Of My Ex-Girlfriends Hears This)","$uicideboy$",0,101,"emo rap, horrorcore, cloud rap, trap metal, underground hip hop","Hip Hop, Rock, Metal","I No Longer Fear The Razor Guarding My Heel (II)",2015-11-03,02:32,70,68,12,0,28,0,10,-5,G,4,2019-08-15,3zH981CIycqJf9vSyullZv,"Universal Music Group",9B,QZAPK1700026
60,"My Closet Is A Graveyard","$uicideboy$",0,140,"emo rap, horrorcore, cloud rap, trap metal, underground hip hop","Hip Hop, Rock, Metal","I No Longer Fear The Razor Guarding My Heel (II)",2015-11-03,02:17,75,68,3,47,35,0,20,-4,G,4,2019-08-15,4mTa1OZcIfjKaOCjSGQ6ri,"Universal Music Group",9B,QZAPK1700025
61,"I Will One Day Learn To Fly Into The Stars","$uicideboy$",0,140,"emo rap, horrorcore, cloud rap, trap metal, underground hip hop","Hip Hop, Rock, Metal","I No Longer Fear The Razor Guarding My Heel (II)",2015-11-03,02:10,69,77,1,0,11,0,20,-6,G#/A♭,4,2019-08-15,25My6R7mCLftW5bbkgyUyL,"Universal Music Group",4B,QM8DG1600520
62,"My Flaws Burn Through My Skin Like Demonic Flames from Hell","$uicideboy$",0,126,"emo rap, horrorcore, cloud rap, trap metal, underground hip hop","Hip Hop, Rock, Metal","I No Longer Fear The Razor Guarding My Heel",2015-08-01,02:47,78,75,0,0,7,0,10,-7,B minor,4,2019-12-05,09kvhnq2ONdNo4NRtHBSvv,"G59 Records, LLC",10A,QM8DG1600564
63,"Seppuku (feat. Suicideboy$ & Jgrxxn)","Ghostemane, $uicideboy$, JGRXXN",64,120,"trap metal, horrorcore, emo rap, cloud rap, rap metal, underground hip hop","Hip Hop, Rock, Metal","For the Aspiring Occultist",2015-09-16,03:03,81,74,11,0,19,0,10,-5,A#/B♭ minor,4,2019-08-15,0AQXOzjEG2ofwGrDyqUY7H,"GHOSTEMANE",3A,TCACI1557763
64,"2000 Rounds","Ghostemane, Pouya",0,145,"trap metal, horrorcore, emo rap, cloud rap, rap metal, underground hip hop","Hip Hop, Rock, Metal","2000 Rounds",2017-08-25,02:02,58,69,37,7,7,60,10,-6,B,4,2019-12-05,5zjdL4aLh3D3wOKeRkZSL6,"Pouya",1B,TCADF1772629
65,"Hades","Ghostemane",53,113,"trap metal, horrorcore, emo rap, cloud rap, rap metal","Hip Hop, Rock, Metal","Hades",2017-01-31,02:07,83,59,4,1,33,20,10,-8,A minor,4,2020-02-21,0KRKqIJPX6LT9v1ZQGbfn7,"GHOSTEMANE",8A,TCACX1739560
66,"1000 Rounds","Ghostemane, Pouya",2,150,"trap metal, horrorcore, emo rap, cloud rap, rap metal, underground hip hop","Hip Hop, Rock, Metal","1000 Rounds",2017-03-20,02:43,83,76,1,0,16,10,30,-5,G#/A♭,4,2019-08-15,5o7ZDvfOry1MNhNLBOJulo,"Pouya",4B,TCACZ1708254
67,"Venom","Ghostemane",67,145,"trap metal, horrorcore, emo rap, cloud rap, rap metal","Hip Hop, Rock, Metal","Blackmage",2016-07-03,02:14,91,57,3,2,39,10,60,-7,F,4,2019-08-15,7tUXZgLbOCvRJ9FBlairoU,"GHOSTEMANE",7B,TCACQ1603802
68,"Death by Dishonor","Ghostemane, Shakewell, Pouya, Erick the Architect",1,120,"trap metal, horrorcore, emo rap, cloud rap, rap metal, underground hip hop, indie hip hop","Hip Hop, Rock, Metal","Death by Dishonor",2017-02-17,03:12,81,74,0,8,13,10,10,-5,G#/A♭,4,2019-08-15,5VphpldmtVyZH6S8RpHWLT,"Pouya",4B,TCACX1779847
69,"Squeeze","Ghostemane",0,142,"trap metal, horrorcore, emo rap, cloud rap, rap metal","Hip Hop, Rock, Metal","Hexada",2017-09-05,02:20,79,73,0,0,21,20,30,-7,C♯/D♭,4,2019-08-15,0wxwXyrJYHyGUKlBaCIhgp,"GHOSTEMANE",3B,TCADG1741556
70,"To Whom It May Concern","Ghostemane, Parv0",69,150,"trap metal, horrorcore, emo rap, cloud rap, rap metal","Hip Hop, Rock, Metal","HUMAN ERR0R",2019-06-19,02:59,74,56,56,0,4,20,0,-9,G minor,4,2019-08-15,6LsMmm02qu6SOmp9JeaIyC,"Blackmage",6A,CA5KR1935901
71,"Stick Out","Ghostemane, Pouya",0,164,"trap metal, horrorcore, emo rap, cloud rap, rap metal, underground hip hop","Hip Hop, Rock, Metal","Stick Out",2018-05-22,02:15,77,85,0,0,60,20,0,-4,A#/B♭ minor,4,2019-08-15,0jakaHRU7ubOzJTseh6tJu,"Pouya",3A,TCADQ1870645
72,"Andromeda","Ghostemane",64,100,"trap metal, horrorcore, emo rap, cloud rap, rap metal","Hip Hop, Rock, Metal","Plagues",2016-11-14,02:01,89,91,15,3,30,30,50,-10,B,4,2019-08-15,2ggqfj97qyiORmXoVFzP5j,"GHOSTEMANE",1B,TCACT1668725
73,"Bury Me","Getter, Ghostemane",0,130,"dubstep, riddim, deathstep, trap metal, horrorcore, emo rap, cloud rap, rap metal","Hip Hop, Electronic, Metal, Rock, Reggae","Bury Me",2017-08-31,04:41,74,93,2,1,12,0,10,-2,C♯/D♭ minor,4,2019-08-15,7m1oRKYiZCfuKXRMWGefWR,"Getter, Inc.",12A,TCADF1782589
74,"Ballgag","Ghostemane",47,115,"trap metal, horrorcore, emo rap, cloud rap, rap metal","Hip Hop, Rock, Metal","N / O / I / S / E",2018-10-10,02:45,64,61,0,82,4,0,10,-7,C♯/D♭,4,2021-06-06,4Zdp7FjQOG1ejeV06dUiv6,"Blackmage",3B,TCADW1896678
75,"Nails","Ghostemane",0,118,"trap metal, horrorcore, emo rap, cloud rap, rap metal","Hip Hop, Rock, Metal","Nails",2017-08-09,02:14,78,93,20,0,15,0,60,1,B minor,4,2021-06-06,0jsbEBnXWgHLkvjV49vYVG,"GHOSTEMANE",10A,TCADF1731095
76,"Mega City Nine (unknown virus 4.)","Ho99o9",39,75,"experimental hip hop, trap metal, horrorcore, industrial rock, industrial, industrial metal","Hip Hop, Metal, Rock","Cyber Cop [Unauthorized MP3.]",2018-11-30,02:14,61,83,21,0,37,10,30,-7,E,4,2020-02-21,2dqFCjvajPzIisD9bSxPXj,"Toys Have Powers / 999 Deathkult",12B,QM24S1843892
77,"CtrlAltDelete","BONES",71,161,"cloud rap, emo rap, trap metal, horrorcore, underground hip hop","Hip Hop, Rock, Metal","UNRENDERED",2017-04-21,02:58,69,80,58,0,20,0,10,-9,G minor,4,2019-11-05,1ZNVczQsUBA64aWhvWqaap,"TeamSESH",6A,CA5KR1568089
78,"DAYWALKER! (feat. CORPSE)","mgk, CORPSE",61,89,"ohio hip hop, pop rap, trap metal","Hip Hop, Pop","DAYWALKER! (feat. CORPSE)",2021-03-12,02:17,63,92,1,0,50,0,0,-2,G,4,2021-04-09,2NnJpRXIlx35Vij3bPZO0h,"Bad Boy/Interscope Records",9B,USUM72102268
79,"1998 TRUMAN","BROCKHAMPTON",45,135,"boy band, rap","Pop, Hip Hop","1998 TRUMAN",2018-07-19,04:05,61,71,17,0,48,20,70,-6,F,4,2019-08-15,0ToC28lLiwEKyQdN4FXypS,"Question Everything/RCA Records",7B,USRC11802813
80,"Pemex","Shakewell, Fat Nick",57,75,"trap metal, horrorcore, emo rap, cloud rap","Hip Hop, Rock, Metal","Pemex",2019-01-21,02:36,80,67,1,0,26,0,10,-5,C♯/D♭,4,2019-09-27,3oEwMFQQ8jWpvCtz1cw9Jb,"Independent",3B,QMEZE1886192
81,"Forever","Danger Incorporated",35,105,"emo rap","Hip Hop, Rock","Are You Afraid of the Danger Boys?",2016-01-26,03:40,56,49,1,28,7,0,10,-11,A#/B♭ minor,4,2019-09-27,5HR1TFot7cGc7TmLOjd49N,"603911 Records DK",3A,QMPKX1634308
82,"RICKY","Denzel Curry",63,169,"dark trap, drill, hip hop, miami hip hop, pop rap, punk rap, rap, trap, underground hip hop","Electronic, Hip Hop, Pop, Rock","ZUU",2019-05-31,02:27,78,56,4,0,52,30,10,-7,A,4,2020-02-21,2QbGvQssb0VLLS4x5NOmyJ,"Loma Vista Recordings",11B,USC4R1902692
83,"ULT","Denzel Curry",55,130,"dark trap, drill, hip hop, miami hip hop, pop rap, punk rap, rap, trap, underground hip hop","Electronic, Hip Hop, Pop, Rock","Imperial",2016-10-14,04:07,77,79,11,0,23,20,20,-5,C♯/D♭,4,2020-02-21,5BSz8sJO2YmKfNVQG7fq2J,"Loma Vista",3B,USC4R1602006
84,"Killshot","Eminem",73,106,"rap, hip hop","Hip Hop","Killshot",2018-09-19,04:13,89,65,10,0,60,30,30,-9,C minor,4,2020-03-29,1jo3TwNGCXfNdB5uba3ZVv,"Eminem Catalog PS",5A,USUM71814876
85,"Intro","clipping.",23,96,"experimental hip hop, horrorcore, experimental, alternative hip hop","Hip Hop, Electronic, Jazz, Rock, Metal","There Existed an Addiction to Blood",2019-10-18,01:04,65,89,16,81,7,10,10,-17,F#/G♭ minor,3,2022-02-27,3Og45yaNMkDF0uKEb3GqZ7,"Sub Pop Records",11A,USSUB1933001
86,"Nothing is Safe","clipping.",0,126,"experimental hip hop, horrorcore, experimental, alternative hip hop","Hip Hop, Electronic, Jazz, Rock, Metal","There Existed an Addiction to Blood",2019-10-18,04:57,92,49,8,5,33,0,0,-9,D minor,4,2020-04-13,0h9GGknmbVbyR3RjwrqmcR,"Sub Pop Records",7A,USSUB1933002
87,"La Mala Ordina","clipping., The Rita, Elcamino, Benny The Butcher",30,145,"experimental hip hop, horrorcore, experimental, alternative hip hop, noise music, boom bap, underground hip hop, east coast hip hop","Hip Hop, Electronic, Jazz, Rock, Metal","There Existed an Addiction to Blood",2019-10-18,05:46,40,87,2,0,28,30,40,-8,G,4,2022-02-27,1znUp2dZlhH8Y27JUo9Htr,"Sub Pop Records",9B,USSUB1933005
88,"Club Down","clipping., Sarah Bernat",29,77,"experimental hip hop, horrorcore, experimental, alternative hip hop","Hip Hop, Electronic, Jazz, Rock, Metal","There Existed an Addiction to Blood",2019-10-18,04:30,59,65,10,0,3,10,0,-5,C♯/D♭,4,2022-02-27,0YXPlVnrZwRKVRsdrYzgw5,"Sub Pop Records",3B,USSUB1933006
89,"Run for Your Life","clipping., La Chat",31,148,"experimental hip hop, horrorcore, experimental, alternative hip hop, southern hip hop, crunk","Hip Hop, Electronic, Jazz, Rock, Metal","There Existed an Addiction to Blood",2019-10-18,04:52,81,67,10,0,49,40,0,-9,D,4,2022-02-27,2NStks0WIel0kV3tJ7GgXT,"Sub Pop Records",10B,USSUB1933008
90,"The Show","clipping.",30,113,"experimental hip hop, horrorcore, experimental, alternative hip hop","Hip Hop, Electronic, Jazz, Rock, Metal","There Existed an Addiction to Blood",2019-10-18,03:04,61,53,24,0,54,60,20,-10,C♯/D♭,4,2022-02-27,33fc9tujeK9KlFB8C0D2zT,"Sub Pop Records",3B,USSUB1933009
91,"Blood of the Fang","clipping.",39,142,"experimental hip hop, horrorcore, experimental, alternative hip hop","Hip Hop, Electronic, Jazz, Rock, Metal","There Existed an Addiction to Blood",2019-10-18,04:39,76,94,8,0,44,30,20,-6,C♯/D♭,4,2022-02-27,0jv5VgdENAPV7lHtBlsaXE,"Sub Pop Records",3B,USSUB1933012
92,"Story 7","clipping.",28,77,"experimental hip hop, horrorcore, experimental, alternative hip hop","Hip Hop, Electronic, Jazz, Rock, Metal","There Existed an Addiction to Blood",2019-10-18,03:40,65,62,4,0,50,50,0,-9,C♯/D♭,4,2022-02-27,0nYqXjAWVPqzSkRCWZzBxa,"Sub Pop Records",3B,USSUB1933013
93,"Attunement","clipping., Pedestrian Deposit",22,76,"experimental hip hop, horrorcore, experimental, alternative hip hop, noise music, drone, dark ambient, industrial, noise rock, avant-garde","Hip Hop, Classical, Jazz, Electronic, New Age, Rock, Metal","There Existed an Addiction to Blood",2019-10-18,04:46,29,82,1,0,30,30,30,-8,B minor,3,2022-02-27,3kcMkV6fi4onoojJBRwdl4,"Sub Pop Records",10A,USSUB1933014
94,"Killdozer","Kim Dracula",59,160,"trap metal","","Killdozer",2020-10-07,02:31,72,67,2,2,25,0,40,-5,G#/A♭,3,2021-10-10,4AZgx6admPaCzQ6di4V8RR,"Order of the Snake",4B,USSM12103056
95,"Burnin Bridges / Long Day (feat. IDK)","Quadeca, IDK",0,150,"hyper-rock, pop rap, underground hip hop","Rock, Hip Hop, Pop","From Me To You",2021-03-30,04:35,43,84,8,0,35,40,20,-9,A,4,2021-04-09,0B5mjEPetRaVGBswEl0FOk,"Quadeca",11B,GBKPL2147323
96,"Drank & Drugs","Lil Kleine, Ronnie Flex",60,120,"dutch hip hop, dutch rap pop, nederpop","Hip Hop, Pop","New Wave",2015-04-07,02:25,92,74,5,0,78,0,0,-5,B minor,4,2021-06-06,4rHIGjDTXXL9Eudf3YF036,"Top Notch Music BV",10A,NLG661500224
97,"Joost Klein 3","Joost, Donnie, Tice",10,95,"gabber, europop, nederpop","Pop, Electronic","Joost Klein 7",2020-04-24,02:19,77,54,9,0,65,30,30,-9,A#/B♭ minor,4,2021-06-06,09lCpF8YS8wkP6bnxu3LNP,"Albino Sports",3A,QZDA82048494
98,"Onderweg","Mr. Polska, 3robi, LA$$A",38,125,"polish hip hop, polish trap, moroccan rap, dutch hip hop, dutch rap pop","Hip Hop, Pop","Onderweg",2020-02-14,01:59,82,70,3,0,84,30,10,-9,D,4,2021-06-06,5DRBs8fVPA5wAtCWTpyIjV,"Kill Your Darlings",10B,NLS242000008
99,"Joost Klein 2","Joost",0,140,"gabber, europop","Pop, Electronic","1983",2019-11-15,02:06,90,79,3,0,97,0,20,-7,C,4,2021-06-06,6GzcVjTvmgsO3RhdE2c653,"Albino Sports",8B,QZHNA1912202
100,"1 Affoe X 2","Yung Internet",0,129,"dutch hip hop","Hip Hop","1 Affoe X 2",2015-10-01,04:44,96,48,17,0,69,20,30,-9,A#/B♭ minor,4,2021-06-06,0t7iaAvWxIifiKxSoTCNK8,"Sheik Management",3A,FR26V1548302
101,"Gordelweg","Kevin",0,90,"dutch hip hop, dutch rap pop","Hip Hop, Pop","Animal Stories",2020-09-03,02:35,71,66,16,0,41,30,10,-7,C♯/D♭,4,2021-06-06,1m5bdW31RSsQKLc9UqU9CS,"Animal Stories / Noah’s Ark BV",3B,NLG662000421
102,"Ketamine","Versatile",41,123,"irish hip hop","Hip Hop","Ketamine",2018-04-02,07:10,78,70,4,0,44,20,30,-9,C,4,2021-06-06,34gM5PULxWtqbplXUwbAo8,"Outburst Productions",8B,IENZK1700010
103,"Rampeneren","Ali B, Yes-R, The Partysquad",0,125,"nederpop, moombahton","Electronic, Latin, Pop","De Bazen Van De Club",2006-01-01,03:39,93,70,5,0,95,0,0,-7,B minor,4,2021-06-06,2PKe6SBNs3hSisunw35Mcz,"Universal Music, a division of Universal International Music BV",10A,NLUM70600654
104,"Prefontaine","Versatile",44,135,"irish hip hop","Hip Hop","Prefontaine",2019-05-11,03:52,82,77,2,0,61,10,0,-7,F#/G♭ minor,4,2021-06-06,5A0fbMSRVcJ5grS2gHrVfD,"Outburst Pal",11A,IENZK1700017
105,"Ome Robert","Joost",47,150,"gabber, europop","Pop, Electronic","Ome Robert",2018-04-26,02:32,82,85,4,1,86,10,20,-5,C,4,2021-06-06,3TE49HXyoNczZk2IBhP87z,"Made",8B,NLG661800442
106,"Maa jota ei ole","Khid",0,140,"finnish hip hop","Hip Hop","Ohi",2016-04-08,03:13,83,59,30,0,43,20,10,-12,G#/A♭,4,2021-06-06,5SnFT2cF0iRUm3WbZSSzai,"Monsp",4B,FIMRR1600180
107,"Flashy Flashy (Get the Watch in)","Versatile",19,159,"irish hip hop","Hip Hop","Flashy Flashy (Get the Watch In)",2020-11-06,03:17,79,71,6,0,64,10,0,-7,A,4,2021-06-06,26APetAX8rK8q0xbagXndY,"Outburst Pal",11B,IENZK2000001
108,"Scorching Again","Versatile",25,140,"irish hip hop","Hip Hop","Dublin City G's",2017-11-01,03:24,82,68,16,0,30,20,10,-8,A#/B♭ minor,4,2021-06-06,5sS0Ar6IroTkRZHfjMwkkC,"Outburst Productions",3A,IENZK1700007
109,"Donedeal Season","Versatile",23,140,"irish hip hop","Hip Hop","Dublin City G's",2017-11-01,02:51,76,81,22,0,38,0,0,-6,A,4,2021-06-06,0cG2lDz0wSl133ztQ2bhRl,"Outburst Productions",11B,IENZK1700003
110,"Never Dream Of Dying - Original Mix","KillSonik",0,140,"dubstep, moombahton, drumstep, deathstep","Electronic, Metal, Latin","Never Dream Of Dying - UKF Dubstep 2017",2017-12-03,07:03,57,76,0,76,3,0,0,-5,B minor,4,2021-06-06,6bpm0HC2pfeelUO2vydtn6,"UKF",10A,GB2LD1700324
111,"E-GIRLS ARE RUINING MY LIFE!","CORPSE, Savage Ga$p",67,85,"trap metal","","E-GIRLS ARE RUINING MY LIFE!",2020-09-25,01:45,61,94,0,0,39,10,10,-7,C♯/D♭,4,2021-06-06,7bCfHiRcfUjG0YVVNUL7Ve,"CORPSE",3B,QZK6M2028073
112,"agoraphobic","CORPSE",58,98,"trap metal","","agoraphobic",2021-01-29,02:09,82,70,78,0,15,20,10,-10,G,4,2021-06-06,6ATqL4f1nFWwASrWi8nF6e,"CORPSE",9B,QZNWS2006490
113,"Miss YOU!","CORPSE",60,93,"trap metal","","Miss YOU!",2020-03-06,01:32,79,83,0,8,17,20,50,-7,D,4,2021-06-06,3pXVmZh293nWtqxildz9jf,"1268268 Records DK2",10B,QZFZ62009056
114,"White Tee","CORPSE",55,130,"trap metal","","White Tee",2020-03-21,02:01,90,85,2,0,35,10,30,-4,F minor,4,2021-06-06,3qdRwIwWa5nVZnNp43uYrx,"CORPSE",4A,QZFZ62072678
115,"Cat Girls Are Ruining My Life!","CORPSE",56,164,"trap metal","","Cat Girls Are Ruining My Life!",2020-03-11,01:37,64,88,1,0,52,40,30,-7,C♯/D♭,4,2021-06-06,4SPBwOTXgku4QvmRtMEGfW,"CORPSE",3B,QZFZ52085350
116,"Never Satisfied","CORPSE",55,160,"trap metal","","Never Satisfied",2020-06-26,01:59,56,96,1,0,45,50,80,-7,C♯/D♭,4,2021-06-06,04bEhujOxzNrXeideMtFuR,"CORPSE",3B,QZHN82034838
117,"Cabin Fever","CORPSE",52,144,"trap metal","","Cabin Fever",2020-03-21,01:26,73,73,1,0,13,10,60,-6,G#/A♭,4,2021-06-06,5cCpq6EJqI8dgz8FwE7gk3,"CORPSE",4B,QZFZ62009057
118,"White Tee - Alternate Bass Boosted Version","CORPSE",49,130,"trap metal","","White Tee (Alternate Bass Boosted Version)",2020-03-25,02:01,89,83,0,0,39,10,30,-3,C♯/D♭,4,2021-06-06,3AQdBQPDyHQpEauct5Fiu6,"CORPSE",3B,QZDA42003425
119,"Killer (feat. Jack Harlow & Cordae) - Remix","Eminem, Jack Harlow, Cordae",67,99,"rap, hip hop, deep underground hip hop, kentucky hip hop, pop rap, trap, underground hip hop","Hip Hop, Pop","Killer (feat. Jack Harlow & Cordae) [Remix]",2021-05-28,03:56,92,73,5,0,85,20,10,-6,B minor,4,2021-06-06,7zl7kehxesNEo2pYkKXTSe,"Shady/Aftermath/Interscope Records",10A,USUG12100047
120,"Baby Move","Depth Strida",27,130,"trap metal, horrorcore","Hip Hop, Metal","Baby Move",2021-05-30,02:15,71,65,3,0,27,10,10,-8,A#/B♭ minor,4,2021-08-13,4YmyLABiMbnRT2G7HTjzQp,"AbyssalSounds",3A,QZHN92193182
121,"EAT SPIT! (feat. Royal & the Serpent)","Slush Puppy, Royal & the Serpent",59,168,"socal indie, alt z, indie electropop, modern alternative pop","Pop, Electronic, Rock","EAT SPIT! (feat. Royal & the Serpent)",2021-07-23,02:03,76,81,2,0,40,40,0,-3,C♯/D♭,4,2021-08-14,1aFP0G0GHQAAH9gfC95wT1,"Disruptor Records/Sony Music Entertainment",3B,USQX92102974
122,"Between The Lines","Kai Wachi, Sullivan King",25,155,"dubstep, deathstep, riddim, melodic bass, edm, bass music","Electronic, Metal, Reggae","Between The Lines",2019-05-03,03:23,52,99,0,53,30,30,0,-2,C♯/D♭,4,2021-09-12,7EmcGwewYm1o3pz0R8VQuJ,"Kannibalen Records",3B,CA5KR1925297
123,"The Root of All Evil","Spite",17,90,"deathcore, metalcore, death metal","Metal","The Root of All Evil",2019-04-19,02:57,58,97,0,2,18,10,30,-5,C,4,2021-09-19,4ICcx7kmUMqMJtfaBiDxqE,"Stay Sick",8B,US3X59701700
124,"Machine Winter","Xentrifuge",2,172,"ebm, industrial, industrial metal","Electronic, Rock, Metal","Desensitized Parallels",2018-03-02,05:00,33,96,0,96,4,0,0,-11,D,4,2021-09-19,5QWu8bhW8lFvhO6Fa7sRFG,"Cleopatra Records",10B,QM6XS1705216
125,"No Hope","No Face No Case, Within Destruction, Distant",28,89,"deathcore, metalcore, death metal, djent","Metal","No Hope",2021-09-17,03:29,22,99,0,2,34,20,30,-2,G#/A♭,4,2021-09-23,6s5OVCVO3FoOl3K0ws8fBd,"Ultra Heavy Records",4B,QZK6F2132490
126,"Phonky Town","PlayaPhonk",67,125,"phonk, drift phonk","Electronic, Hip Hop","Phonky Town",2021-03-16,02:21,81,82,36,83,34,30,10,-5,C♯/D♭,4,2021-10-10,5mnpMkzp3Z2RCCbwIEZCbv,"Arista Records",3B,QZDA82146449
127,"Stoop Lights","Bedwetter",35,100,"experimental hip hop","Hip Hop","Vol. 1: Flick Your Tongue Against Your Teeth and Describe the Present",2017-08-22,04:51,41,96,25,0,23,90,80,-5,C♯/D♭,4,2021-10-10,3kv6iUHgk78G24aCPs5Jkz,"Self Released",3B,QZ8LD1773114
128,"Caution Yellow Tape","Sect Unit",0,160,"trap metal, horrorcore","Hip Hop, Metal","Caution Yellow Tape",2020-12-17,02:11,81,42,41,1,49,50,10,-12,G#/A♭,4,2021-11-02,46fmPlYSBiq1YlA6KVHNKO,"SECT UNIT",4B,QZNWX2003021
129,"VAMPIR (feat. Oli Sykes of Bring Me The Horizon)","IC3PEAK, Oli Sykes, Bring Me The Horizon",48,107,"witch house, metalcore, emo, screamo, rock, post-hardcore","Rock, Metal, Electronic","VAMPIR",2021-12-10,02:23,67,70,0,0,34,0,0,-10,B,4,2022-02-28,3FQOmo61pO1ZnBT26d6WLQ,"IC3PEAK",1B,QMDA72163620
130,"SUICIDE","Mimi Barks",22,134,"trap metal, sludge metal","Metal","Suicide",2021-12-03,03:47,63,74,0,16,45,0,10,-6,A#/B♭ minor,4,2022-02-28,4atpzYOS3lR8a99kgp1kcC,"Silent Cult",3A,QMDA62186799
131,"Shut Up","Death Blooms",28,109,"","","Shut Up",2021-08-11,03:24,51,95,0,0,30,0,90,-3,E minor,4,2022-02-28,7jLs9No4QDC0LWQFYjXtI9,"Adventure Cat Records",9A,QZMZ92138667
132,"Stuck In My Ways","Kid Bookie, Corey Taylor",40,100,"deathstep, trap metal, rap metal, alternative metal, alternative rock, nu metal, post-grunge","Metal, Rock, Electronic, Hip Hop","Cheaper Than Therapy",2021-11-26,04:48,63,80,8,0,25,10,50,-3,C,4,2022-02-28,5qCyEApbDw5dzM7Gq5ouhw,"Kid Bookie",8B,GBGLW2100523
133,"Filth","Killstation, Craig Xen",1,84,"emo rap, trap metal, cloud rap, horrorcore","Hip Hop, Rock, Metal","Filth",2016-07-02,01:51,48,83,0,0,43,0,10,-4,F#/G♭,3,2022-02-28,3jnTBMdckWNzC7PJV96kQ1,"Killstation",2B,QZ4JJ1629751
134,"Fuck","Oliver Tree",47,130,"alternative hip hop","Hip Hop","Fuck",2019-04-12,02:34,83,49,1,0,11,20,20,-8,D,4,2022-02-28,6Wt4HzxqWDuHM5b4epx2jP,"Atlantic Records",10B,USAT21901826
135,"Oxygen","BONES",62,120,"cloud rap, emo rap, trap metal, horrorcore, underground hip hop","Hip Hop, Rock, Metal","NoRedeemingQualities",2017-06-16,02:22,69,51,3,0,15,0,10,-11,C♯/D♭ minor,4,2022-02-28,08TvXzt1TIVVQyIoQphndN,"TeamSESH",12A,CA5KR1568109
136,"Bonesaw","Ghostemane",58,140,"trap metal, horrorcore, emo rap, cloud rap, rap metal","Hip Hop, Rock, Metal","N / O / I / S / E",2018-10-10,01:52,69,63,6,0,45,40,50,-9,E,4,2022-02-28,6I90hMc9paVMjNPxMOXoot,"Blackmage",12B,TCADW1896668
137,"Thinking About Your Death","Rozz Dyliams",18,127,"horrorcore","Hip Hop, Metal","Dylvia Roska",2017-01-12,05:29,70,87,36,43,48,0,0,-6,C♯/D♭,4,2022-02-28,1nznyjjCsVjXmkIdHX0JYo,"753023 Records DK2",3B,QM42K1733505
138,"I've Seen Satan, He Has Dreadlocks","ITSOKTOCRY",0,120,"trap metal, emo rap, rage rap","Hip Hop, Rock","BEAUTIFUL BLOODSUCKERR",2017-09-29,01:47,24,93,0,0,40,0,60,-2,A#/B♭,5,2022-02-28,1YIvgzOTpheswdc9twLDor,"27club",6B,QM42K1752345
139,"Hammer","Dirtyphonics, Sullivan King",50,180,"dubstep, deathstep, riddim, drumstep, drum and bass, bass music, edm","Electronic, Metal, Reggae","Vantablack",2017-11-03,03:17,49,88,0,53,21,10,10,-3,C,4,2022-03-02,3HPPcZ9oK7yGmy5vn7OMLC,"Monstercat",8B,CA6D21700284
140,"владыка","Ghostemane, Scarlxrd",48,80,"trap metal, horrorcore, emo rap, cloud rap, rap metal","Hip Hop, Rock, Metal","LXRDMAGE",2021-07-30,01:54,74,83,5,0,75,30,40,-9,A#/B♭ minor,4,2022-03-02,6hyUZdooUXpquHKHbte1FJ,"Blackmage",3A,ZZOPM2107557
141,"маг","Ghostemane, Scarlxrd",54,174,"trap metal, horrorcore, emo rap, cloud rap, rap metal","Hip Hop, Rock, Metal","LXRDMAGE",2021-07-30,02:40,67,92,1,0,67,20,0,-7,B,4,2022-03-02,0IZsObFK8hH1IWm1oJW3Ds,"Blackmage",1B,ZZOPM2107558
142,"навсегда","Ghostemane, Scarlxrd",47,150,"trap metal, horrorcore, emo rap, cloud rap, rap metal","Hip Hop, Rock, Metal","LXRDMAGE",2021-07-30,02:48,74,83,4,50,21,10,10,-6,C♯/D♭,4,2022-03-02,68S9nUryrRfdjavft0aQyX,"Blackmage",3B,ZZOPM2107559
143,"Crash 'n Learn","Ghostemane",41,157,"trap metal, horrorcore, emo rap, cloud rap, rap metal","Hip Hop, Rock, Metal","Fear Network II",2021-08-25,01:27,55,90,0,1,61,10,10,-6,A,4,2022-04-05,7a9LlgnBXO5qOOdrRJALfb,"Blackmage",11B,ZZOPM2108818
144,"Bxxm","For the Wicked",28,138,"trap metal, rap metal","Hip Hop, Metal","Bxxm",2018-08-07,01:41,65,98,0,0,27,0,10,-5,C♯/D♭,4,2022-03-04,0y65HVpN6IzU8Oa8AP7kj8,"For The Wicked",3B,TCADT1871035
145,"FUTURE BABY","Die Antwoord",33,140,"african rock, south african alternative, south african hip hop","Rock, Traditional Music, Hip Hop","HOUSE OF ZEF",2020-03-16,03:12,67,97,2,0,35,10,10,-5,A#/B♭ minor,4,2022-03-05,3ig4J0qIjpC8pSPOFmACA2,"Zef Records",3A,QM24S2002481
146,"Manic","Wage War",64,180,"metalcore, metal, deathcore, djent","Metal","Manic",2021-10-01,02:44,47,87,0,0,33,10,20,-5,D,4,2022-04-05,5d0CEohvmvqcizfc0cXn1t,"Fearless Records",10B,US5262124222
147,"Game Over.","Goreshit",27,125,"breakcore, speedcore, jungle, gabber, hyperpop","Electronic, Pop","Rituals",2013-10-02,05:34,22,99,0,73,4,10,10,-1,F#/G♭ minor,5,2022-04-17,2ayBRUrBfuBnxN62ttV2nK,"Kitty on Fire Records",11A,QZHNB1941864
148,"GLORY","The Worst of Us, ALEX, Wrex Horton",29,174,"metalcore, synthwave, darkwave, alternative metal","Metal, Rock, Electronic","GLORY",2021-09-17,03:01,40,94,0,0,20,40,0,-5,A,4,2022-04-26,7KsEuuofjyZaLSZWfImkev,"ALEX OFFICIAL MUSIC",11B,QZK6F2167836
149,"Deal Wiv It","Mura Masa, slowthai",46,142,"channel islands indie, escape room, hyperpop, indie soul, vapor soul, grime, uk grime","Rock, Electronic, Hip Hop, Pop, R&B","Deal Wiv It",2019-11-07,02:57,80,67,1,0,87,10,20,-6,C♯/D♭,4,2022-05-08,3ndhPhaWdICplZVrC4NeCR,"Polydor Records",3B,GBUM71905140
150,"If You Know You Know","Pusha T",60,153,"gangster rap, hip hop, pop rap, rap, southern hip hop, trap, virginia hip hop","Hip Hop, Pop","DAYTONA",2018-05-25,03:22,46,70,2,0,70,30,30,-6,F#/G♭ minor,4,2022-05-08,6bGwKHXHNLmTy6yt147FPh,"Getting Out Our Dreams, Inc./Def Jam Recordings",11A,USUM71807351
151,"Spasto","Joker/Two-Face, Styl Mo, Tsaki",41,108,"greek hip hop, greek underground rap, greek trap","Hip Hop","VERTIGO",2016-01-04,03:06,79,92,6,0,38,0,10,-5,G,3,2022-05-08,7M43TCfa2PZUYW0YWhvlgz,"Joker Two-Face",9B,QM6P41831607
152,"Leglock","Shakewell, Mikey The Magician",52,155,"trap metal, horrorcore, emo rap","Hip Hop, Rock, Metal","Big Juice tha Sip",2018-05-18,02:03,77,95,50,4,40,30,10,-4,F,4,2022-05-09,0hSJiWkzBTvJKrX5yHHBeJ,"Shameless Money Gang",7B,TCADP1875278
153,"Sprechen Sie Deutsch, Bitch?","Outerspass",36,152,"","","Sprechen Sie Deutsch, Bitch?",2022-06-10,02:35,54,93,5,0,36,40,30,-5,E,4,2022-06-29,2cgt6gov8C7GqifWWcbUpW,"Teemong",12B,QZK6Q2222297
154,"Kreas Mpainei Kreas Vgainei","Sexpyr, Mavros Ilos, Cenobite",0,90,"greek underground rap","Hip Hop","2011 - 2019",2020-07-10,04:10,72,57,25,0,14,40,0,-12,C♯/D♭,4,2022-07-28,7hP8bb9VsExYCWDXsmzX3o,"Sehta Productions",3B,CAENV2048798
155,"La rage","Keny Arkana",48,97,"french rap","","Entre ciment et belle étoile",2006-10-16,04:02,56,89,4,0,49,30,20,-3,F#/G♭ minor,4,2022-07-28,0cCi1Gf9lHNf6s17GwreLa,"Because Music",11A,FR6P10601220
156,"Siopi","Bong Da City, Kako, Styl Mo, INKA, Tsaki, Epsilon Pi, Mani, Jessy Blue",44,93,"greek underground rap, greek hip hop, greek trap, greek fem rap","Hip Hop","Arkham Asylum",2009-09-28,06:21,64,74,10,0,80,20,30,-9,C minor,4,2022-07-28,3WnHXcx9IKAuovquKaZIxy,"Bong Da City",5A,GRSTY2200393
157,"Hits from the Bong","Cypress Hill",71,92,"west coast hip hop, old school hip hop, rap rock, hip hop","Hip Hop, Rock","Black Sunday",1993-07-20,02:40,80,58,1,81,50,10,20,-13,C♯/D♭,4,2022-07-28,0cfqYhY6B8PbGF9vaVNUeG,"Columbia",3B,USSM19303140
158,"Insane in the Brain","Cypress Hill",76,102,"west coast hip hop, old school hip hop, rap rock, hip hop","Hip Hop, Rock","Black Sunday",1993-07-20,03:28,90,61,3,19,77,20,0,-10,B,4,2022-07-28,1oTHteQbmJw15rPxPVXUTv,"Columbia",1B,USSM19303133
159,"Bleed for Me / Drumin' Hard","REDZED",35,134,"trap metal, horrorcore","Hip Hop, Metal","Bohemian Psycho",2019-03-31,02:44,51,86,0,0,22,0,0,-5,C♯/D♭,4,2022-08-06,5UJ46eRuHQmAjvaPisVAsD,"Redzed",3B,QZDA61945523
160,"The Church","Mr. Oizo",39,115,"french house","Electronic","The Church",2014-11-17,03:32,72,79,1,2,52,10,20,-5,A#/B♭ minor,4,2022-09-28,3ZcYglUg3x6e5mej1NsJeh,"Brainfeeder",3A,US25X1086780
161,"Knuckle Up","Ho99o9",35,138,"experimental hip hop, trap metal, horrorcore, industrial rock, industrial, industrial metal","Hip Hop, Metal, Rock","United States Of Horror",2017-05-05,03:57,50,91,4,0,23,10,40,-5,F#/G♭ minor,4,2022-09-28,12rJfJouowh9qoNUT8sdwp,"Toys Have Powers / 999 Deathkult",11A,QZ7CC1700010
162,"Hammerhead","Birdy Nam Nam, MAI LAN",36,141,"french house, dubstep, electro, ballroom vogue","Electronic, Pop","Dance or Die",2016-09-16,03:16,69,84,1,0,52,0,40,-4,B,4,2022-09-28,5fyhS4SkKG2X5kGu2EfJSt,"BNN / KIF",1B,FRQ041600002
163,"No Love","Death Grips",52,147,"experimental hip hop, experimental","Electronic, Jazz, Rock, Hip Hop","No Love Deep Web",2012-10-01,05:03,55,88,2,0,61,30,0,-1,G#/A♭,3,2022-09-28,5fDj1YVNR04RtQNP4iYapO,"Death Grips",4B,USUG11300635
164,"Viande","Igorrr",40,75,"breakcore, avant-garde","Classical, Jazz, Electronic","Savage Sinusoid",2017-06-16,01:55,46,91,0,52,44,0,30,-5,C♯/D♭,3,2022-09-28,1jmpQKBXlSgOHmkFGSMasA,"Metal Blade Records",3B,USMBR1712372
165,"Fight Milk","Wooli, Kompany",10,150,"dubstep, melodic bass, riddim, edm, deathstep, future bass, bass music, dub","Electronic, Metal, Reggae","Fight Milk",2021-12-03,03:12,48,93,2,35,4,0,0,-3,D,4,2022-12-04,3NR2E4XSKDzasRnTzivtLU,"Ophelia",10B,GBEWA2106251
166,"Kaioken","Apethantos",25,97,"greek hip hop, greek underground rap","Hip Hop","Kaioken",2019-04-24,03:28,75,64,1,0,61,10,30,-12,C♯/D♭,4,2023-02-26,1LbRJkZuDWuvTPnoSZMD2Q,"Chemical B",3B,GRSTY2201500
167,"Toxin","RAM",39,131,"russian rave, russian trap","Electronic, Hip Hop","Reptile",2017-11-23,02:33,87,90,2,0,36,20,0,-4,F#/G♭ minor,4,2023-02-26,2P6KTqwcOk0KYECvM62lbo,"Rhymes Music Inc.",11A,FR59R1811449
168,"YELLOW PISS","City Morgue, ZillaKami",57,87,"trap metal, horrorcore, emo rap, rap metal, rage rap","Hip Hop, Rock, Metal","TOXIC BOOGALOO",2020-07-31,02:01,59,82,0,0,73,10,20,-7,E,4,2023-02-27,0NFCrBf6tnaDTZ5xOWjHCI,"Republic Records",12B,USUM72014769
169,"Clash (feat. Stormzy)","Dave, Stormzy",70,140,"grime, uk grime, uk drill, drill","Hip Hop, Electronic","We're All Alone In This Together",2021-07-22,04:11,87,52,31,0,53,20,0,-7,D,4,2023-03-01,2zxEc1GCSCxbHIXTfhraRC,"Neighbourhood",10B,GBUM72103840
170,"Min to Pezeis Kapoia","Joker/Two-Face, Styl Mo, Tsaki",39,119,"greek hip hop, greek underground rap, greek trap","Hip Hop","VERTIGO",2016-01-04,02:58,65,72,6,0,33,10,10,-6,G#/A♭,4,2023-03-26,487SMo1sIG5cGWZ74DNfYA,"Joker Two-Face",4B,QM6P41831609
171,"Oneiro Vroxi","Joker/Two-Face, Styl Mo, Tsaki",43,68,"greek hip hop, greek underground rap, greek trap","Hip Hop","Crime Alley",2015-08-29,02:40,48,65,39,0,16,20,10,-8,B,4,2023-03-26,0JWGwAeYyiFyDOmd5z7hhq,"Joker Two-Face",1B,QM6P41831613
172,"Planitis Pithikon - Dj Omonoia Remix","Joker/Two-Face, Styl Mo, Tsaki, Dj Omonoia",9,121,"greek hip hop, greek underground rap, greek trap","Hip Hop","#PALMTREEP",2016-11-08,02:38,48,94,5,0,57,0,0,-3,F#/G♭,5,2023-03-26,5JxZA9pB1tXIn0STUKH8zA,"Joker Two-Face",2B,QM6P41831599
173,"Osa O Bono","Joker/Two-Face, Styl Mo, Tsaki, Jessy Blue",35,98,"greek hip hop, greek underground rap, greek trap","Hip Hop","Joker Two-Face",2012-11-23,03:55,83,57,43,0,44,30,10,-10,B minor,4,2023-03-26,2wI0r7QpbjZjnDqlMzBmvH,"Joker Two-Face",10A,QM6P41831631
174,"Xeria Psila Piso Apo To Kathisma - Alleyway Rats Remix","Joker/Two-Face, Styl Mo, Tsaki, Alleyway Rats",9,100,"greek hip hop, greek underground rap, greek trap","Hip Hop","#PALMTREEP",2016-11-08,03:06,56,79,28,0,17,30,0,-6,D,4,2023-03-26,4iubycsNcRoXRV0TqwGSMd,"Joker Two-Face",10B,QM6P41831600
175,"Psyxiatriko Asylo","Chemical B",40,97,"","","Kapsoules",2015-02-27,03:03,62,89,1,0,44,10,10,-3,G,4,2023-03-26,4JzX59eNN1wP2B3v8T0FVa,"Chemical B",9B,GRSTY2201477
176,"Kapsoules Apefan","Chemical B",36,176,"","","Kapsoules Apefan",2014-06-15,03:55,44,86,10,0,90,30,20,-8,A#/B♭,4,2023-03-26,2HqBJ9tlHIQdOoji75bh0M,"Chemical B",6B,GRSTY2201514
177,"Toxika Kai Paraisthiseis","Chemical B",0,96,"","","GENIAPEFAN",2015-12-13,01:51,63,90,28,0,74,20,0,-6,C♯/D♭,4,2023-03-26,1TChgYXiRNvcsQ0xxP2VyU,"Chemical B",3B,GRSTY2201490
178,"EPItafeios","Chemical B",35,92,"","","EPItafeios",2015-06-01,02:34,68,90,24,0,90,20,20,-4,F,4,2023-03-26,3uXZdnb78hjGRi2fAsKzQk,"Chemical B",7B,GRSTY2201524
179,"Kosko","To Sfalma",15,170,"greek underground rap","Hip Hop","Oi Alloi Eisai Esi",2020-07-03,03:05,70,76,18,0,17,30,0,-5,D,4,2023-03-26,4wUiz1tEMOpFocspMGOc0z,"To Sfalma",10B,FRX202029594
180,"Tesla","Corvad",42,105,"dark clubbing, somatik techno","Electronic","Prime",2018-05-04,05:26,58,94,0,87,17,0,60,-6,G,4,2023-04-24,4J8yNRPLsdfO1jFgt1ZM5u,"Zemixx",9B,FR8PO1800200
181,"HURT","1 800 PAIN",52,154,"hyperpop, breakcore","Electronic, Pop","BEST HOUSE ON A BAD BLOCK",2020-09-11,02:53,57,96,6,1,38,10,30,1,C♯/D♭ minor,4,2023-04-24,7yOPE5LvpkynNqCk7nLEwl,"1 800 PAIN",12A,QZK6P2043704
182,"Startafight","Joey Valence & Brae",0,148,"rap rock","Hip Hop, Rock","Startafight",2022-07-01,03:07,69,95,3,0,50,10,10,-1,G,4,2023-07-18,30nqbZ1fDudZpIcONS5Y2P,"Joey Valence & Brae",9B,TCAGG2294432
183,"Target","Unwound818, Krav Boca, Aeon",23,92,"greek fem rap, greek underground rap, punk rap","Hip Hop, Rock","MOEBIUS",2022-04-19,03:15,70,65,31,0,20,20,10,-9,F#/G♭ minor,4,2023-07-21,21ABM59zLtWPg7QLmPj2Uh,"Pineline Music Lab",11A,GRSTY2201282
184,"Offbeat","Krav Boca, 0-100 seirene, Hrwas",18,127,"greek underground rap, punk rap, greek fem rap, greek indie","Hip Hop, Pop, Rock","6AM",2023-05-31,02:42,61,73,15,0,29,40,10,-9,D,4,2023-07-21,0WjF8tBUlKxR9jh4kZsUzG,"Boca Records",10B,CH6542339050
185,"Vertigo","Krav Boca, sponty.",28,100,"greek underground rap, punk rap","Hip Hop, Rock","Barrikade",2021-02-14,03:11,60,88,46,0,32,10,10,-5,D,4,2023-07-21,4FyI2QGlZbblDyWyZcHCJT,"Boca Records",10B,CH6542110255
186,"POLEMOU ATMOSFAIRA","Chemical B",31,125,"","","APEFANGS",2017-03-01,03:19,80,70,7,0,31,10,0,-6,B minor,4,2023-07-21,1Rooh1phR3N7n0AeZkPLWI,"Chemical B",10A,GRSTY2201507
187,"Autokratoria","Chemical B",31,116,"","","Autokratoria",2016-10-31,03:09,71,71,32,0,34,10,20,-9,F#/G♭ minor,4,2023-07-21,6Mbd1p3tyRLTq9KR8h5m6c,"Chemical B",11A,GRSTY2201549
188,"To Minore Tou Dromou","Fer de Lance, Logos Timis, Dimitris Koufoudakis, Eleuthero Pneuma, Kazal",29,140,"greek underground rap, greek hip hop","Hip Hop","To Minore Tou Dromou",2022-05-15,05:01,59,69,42,0,41,20,10,-5,C minor,4,2023-07-21,1ZcuVbqzHmSprsvzltIqTX,"Fer De Lance",5A,GRSTY2201572
189,"1312","Complex, Hatemost, Styl Mo, V!",22,141,"greek trap, greek underground rap","Hip Hop","Complex",2019-01-01,03:31,75,88,7,0,35,20,20,-6,D,4,2023-07-21,7ptCUx0DI9HFjWN9sS30BB,"Style With Ease",10B,QM4TW1919541
190,"Mavri Avana","INKA",0,138,"greek fem rap, greek underground rap","Hip Hop","Mavri Avana",2019-10-10,01:44,79,75,1,0,37,10,10,-10,G#/A♭ minor,4,2023-07-21,7pau8jjrIDTfdKAkitry0H,"Inka",1A,FR10S2021771
191,"Misise Me Gia Pada","Joker/Two-Face, Styl Mo, Tsaki",17,134,"greek hip hop, greek underground rap, greek trap","Hip Hop","ARIGATO",2017-02-13,02:50,74,86,10,0,44,20,10,-4,B,4,2023-07-21,7h6qN2Pgdedn8KOtJGSixF,"Joker Two-Face",1B,QM6P41831585
192,"Theos Gia Mia Mera","Rapsodos Filologos, Kritis",37,100,"greek underground rap","Hip Hop","Egefaliko Tet A Tet",2009-01-01,02:24,78,77,50,0,42,20,10,-4,F#/G♭,4,2023-07-21,1LbyifJL2DQAyGrs6KkOjt,"Rapsodos Filologos",2B,FRX202294065
193,"5150","AMF, Levit∆te",21,105,"drumstep","Electronic","5150",2019-05-25,03:25,49,92,2,2,8,40,20,-2,F#/G♭,4,2023-08-11,4Va4j8wEuGQeBACM3y1oub,"Levitatemusic",2B,CA5KR1928576
194,"1•300•LIQUIDATE","Grim Salvo, Bruxism",50,90,"trap metal, horrorcore","Hip Hop, Metal","MILDRED",2022-11-07,03:37,70,83,7,0,60,30,30,-8,C♯/D♭,4,2023-11-15,5zdQrVgYIf2UsRHBxCG6z9,"³³marrow",3B,QZTAT2254704
195,"Julian","Die Arkitekt, Lena Platonos",12,125,"greek indie","Pop, Rock","Julian",2022-03-18,04:15,65,60,10,82,16,0,10,-12,C♯/D♭,4,2023-11-15,58fyMJunHaC20XMm932oku,"We Are The Amp",3B,QM4TW2232544
196,"BATTERY NOT INCLUDED","Ho99o9",24,102,"experimental hip hop, trap metal, horrorcore, industrial rock, industrial, industrial metal","Hip Hop, Metal, Rock","SKIN",2022-03-11,02:53,36,78,5,0,35,20,20,-4,G,4,2023-12-09,7ACF2rwvNReujse9eedE56,"DTA Records",9B,USAT22200219
197,"Hellrap","Ghostemane",56,170,"trap metal, horrorcore, emo rap, cloud rap, rap metal","Hip Hop, Rock, Metal","ANTI-ICON",2020-10-21,02:10,73,65,4,28,19,10,10,-9,C♯/D♭,4,2023-12-09,1cwcmyyPTjJrH2tZpjrYxD,"Blackmage",3B,ZZOPM2003238
198,"GENOCIDE","Lil Darkie",64,170,"trap metal","","GENOCIDE",2019-05-20,10:32,46,97,9,0,60,40,70,0,C♯/D♭,4,2024-02-01,68Y3zzmt2XxzheQVGbbJt4,"lil darkie",3B,QM42K1921483
199,"My Own Summer (Shove It)","Deftones",83,72,"nu metal, alternative metal, rap metal, shoegaze","Metal, Rock, Hip Hop","Around the Fur",1997-10-27,03:34,44,78,0,21,37,0,10,-4,C♯/D♭,4,2024-02-01,1158ckiB5S4cpsdYHDB9IF,"Maverick",3B,USMV29700142
200,"Bfg Division","Mick Gordon",67,116,"electronic djent, video game music","Electronic, Metal, Classical","Doom (Original Game Soundtrack)",2016-09-28,08:26,28,72,0,87,4,0,10,-8,G,3,2024-02-01,4COR2ZPEyUn0lsbAouRWxA,"Bethesda Softworks",9B,QMTH31600026
201,"Lost","Crim3s",62,120,"witch house, electroclash","Electronic, Rock","Stay Ugly EP",2013-04-11,02:28,50,65,0,0,11,0,0,-5,G,4,2024-02-01,3xd4GVGAuzJGdVZLEKvWea,"Crim3s",9B,ushm81398472
202,"La Bronca","Sara Hebe",1,165,"neoperreo, latin hip hop, electrocumbia","Hip Hop, Latin, Electronic","SUCIA ESTRELLA",2022-04-08,02:34,72,63,2,0,46,20,20,-9,C,3,2024-02-09,2vVW2wR01MCpRhOA6IP2fh,"Sara Hebe",8B,ARIXB2201558
203,"Flesh","Ghostemane",62,145,"trap metal, horrorcore, emo rap, cloud rap, rap metal","Hip Hop, Rock, Metal","N / O / I / S / E",2018-10-10,01:19,67,70,4,12,29,20,10,-5,C,4,2024-02-13,1Ae2QJGUPtnCzdA4XYn1NF,"Blackmage",8B,TCADW1896667
204,"Start a Riot","Duckwrth, Shaboozey",67,143,"alternative r&b, modern country pop, pop rap","Pop, R&B, Country, Hip Hop","Spider-Man: Into the Spider-Verse (Soundtrack From & Inspired by the Motion Picture)",2018-12-14,02:51,73,73,1,0,89,20,0,-4,D,4,2024-02-13,6V81K1OcvYgHEnCA6A2Qx9,"Universal Records",10B,USUM71820702
205,"500 Bars","Philly",46,97,"dutch hip hop","Hip Hop","500 Bars",2020-08-12,03:40,85,61,22,0,58,20,0,-6,E minor,4,2024-03-07,1NJPzIYBnHBIKI8S5imGrX,"1OAK Entertainment",9A,NLG662000540
206,"BIRTH OF VENUS","Banshee",59,130,"trap metal","","BIRTH OF VENUS",2023-07-21,03:12,43,100,0,1,7,10,40,-3,G,4,2024-03-20,1Q98DdOmQlFrIaldR4MOVl,"Banshee, in partnership with VERSION III",9B,QZMEQ2378799
207,"An Imouna Esi","INKA, Jessy Blue",26,99,"greek fem rap, greek underground rap","Hip Hop","An Imouna Esi",2017-09-19,02:02,86,85,7,0,54,0,0,-4,G,4,2024-03-20,404KEYcFGRJa8b4pvlyyW1,"INKA",9B,GRSTY2302348
208,"One Minute (feat. Kanye West & Travis Barker)","XXXTENTACION, Kanye West, Travis Barker",60,113,"emo rap, rap, rap rock","Hip Hop, Rock","SKINS",2018-12-07,03:17,57,64,1,0,88,20,10,-4,B,5,2024-12-23,0T6RSXxFhW8dRTWHI604ld,"Bad Vibes Forever / EMPIRE",1B,USUYG1226223